id;delivery_number;delivery_status;delivery_warehouse
1;yellow cultivate;Stravenue;Borders bluetooth visualize
2;input Investor;deposit Hawaii;Ameliorated
3;Interactions Savings Account;Salad mint green;Checking Account Trafficway
4;connecting Applications Home Loan Account;bypass;Principal Fantastic demand-driven
5;Mexican Peso Mexican Unidad de Inversion (UDI) strategy;Arkansas Identity Awesome Plastic Shirt;Washington optimal morph
6;Unbranded Rubber Towels panel French Polynesia;index;6th generation
7;mission-critical Practical Credit Card Account;compress Michigan process improvement;Practical Rubber Salad
8;plug-and-play;Corner;online
9;initiatives generate;Hat Generic Metal Towels Program;strategic Pizza
10;Indiana;world-class maroon;panel
